BRAND,PRICE,IMAGE
Apple MacBook,3999,https://alta.ge/images/thumbnails/270/250/detailed/221/113956_1_eguq-zg.jpg?t=1606650533
Asus X515MA-BR414,1399,https://alta.ge/images/thumbnails/270/250/detailed/234/117731_1_fiar-t8.jpg?t=1625948462
Apple MacBook,3999,https://alta.ge/images/thumbnails/270/250/detailed/221/113957_1.jpg?t=1606650784
Acer Aspire,1399,https://alta.ge/images/thumbnails/270/250/detailed/225/115657_1.jpg?t=1611260559
HP 240 G8 (203B6EA),1999,https://alta.ge/images/thumbnails/270/250/detailed/250/125506_1.jpg?t=1649346949
Acer Aspire,1799,https://alta.ge/images/thumbnails/270/250/detailed/239/112718_1_1lem-9j_yhs8-ao_kq2p-f2_3e34-cp_w6cz-d5.jpg?t=1634328947
Asus TUF Gaming,3599,https://alta.ge/images/thumbnails/270/250/detailed/238/121648_1.jpeg?t=1633353404
HP 255 G8 (2W1D4EA),1439,https://alta.ge/images/thumbnails/270/250/detailed/242/125307_1.jpg?t=1638821756
Lenovo V14-ADA,1199,https://alta.ge/images/thumbnails/270/250/detailed/243/113532_1.png?t=1641845878
Asus ROG Flow,8999,https://alta.ge/images/thumbnails/270/250/detailed/233/120473.png?t=1647242996
Lenovo V15,1799,https://alta.ge/images/thumbnails/270/250/detailed/234/114945_clog-w8.png?t=1631737503
Lenovo IdeaPad,1499,https://alta.ge/images/thumbnails/270/250/detailed/245/118912_1_zp6x-dj_us7s-ln_jai1-gr.jpg?t=1646770730
Acer Aspire,1199,https://alta.ge/images/thumbnails/270/250/detailed/243/112718_1_1lem-9j_yhs8-ao_kq2p-f2_3e34-cp.jpg?t=1639032618
Asus VivoBook,1899,https://alta.ge/images/thumbnails/270/250/detailed/243/125156_1.jpg?t=1639733570
Apple MacBook,3999,https://alta.ge/images/thumbnails/270/250/detailed/221/113958_1.jpg?t=1606651373
HP 15-dw1002ur,1599,https://alta.ge/images/thumbnails/270/250/detailed/248/128437_1.jpg?t=1647376208
Acer Aspire,1799,https://alta.ge/images/thumbnails/270/250/detailed/239/123935_1.jpg?t=1634328948
HP 255 G7 (214F5ES),1449,https://alta.ge/images/thumbnails/270/250/detailed/242/116459_1.jpg?t=1638821718
Dell Vostro,2099,https://alta.ge/images/thumbnails/270/250/detailed/223/115200_1.jpg?t=1609335636
Asus VivoBook,1399,https://alta.ge/images/thumbnails/270/250/detailed/243/118599_1_ta8w-an.jpg?t=1640680567
Acer Aspire,1799,https://alta.ge/images/thumbnails/270/250/detailed/239/112718_1_1lem-9j_yhs8-ao_kq2p-f2_3e34-cp.jpg?t=1634328948
Lenovo V14,1599,https://alta.ge/images/thumbnails/270/250/detailed/241/124191_1.jpg?t=1640250477
Acer Aspire,2199,https://alta.ge/images/thumbnails/270/250/detailed/242/112718_1_1lem-9j_yhs8-ao_kq2p-f2_3e34-cp.jpg?t=1638456706
Lenovo ThinkBook,3199,https://alta.ge/images/thumbnails/270/250/detailed/244/124873_1.png?t=1639994481
Toshiba Dynabook,999,https://alta.ge/images/thumbnails/270/250/detailed/243/125289_1.png?t=1639340306
Lenovo ThinkBook,2599,https://alta.ge/images/thumbnails/270/250/detailed/241/118868_1_5k5f-u4.png?t=1636450690
Lenovo ThinkBook,2999,https://alta.ge/images/thumbnails/270/250/detailed/234/118868_1_5k5f-u4.png?t=1633984173
HP 250 G8 (2W9A0EA),2299,https://alta.ge/images/thumbnails/270/250/detailed/243/122388_1.jpg?t=1639127121
Asus 11.6'',1399,https://alta.ge/images/thumbnails/270/250/detailed/243/121326_1.jpg?t=1639738775
Lenovo V14-ADA,1499,https://alta.ge/images/thumbnails/270/250/detailed/243/113532_1_er3o-m1.png?t=1641845878
HP 17-cn0036ur,1699,https://alta.ge/images/thumbnails/270/250/detailed/250/129893.jpg?t=1651523442
Asus VivoBook,2599,https://alta.ge/images/thumbnails/270/250/detailed/243/125054_1.jpg?t=1639773862
HP 255 G8 (34N49ES),2199,https://alta.ge/images/thumbnails/270/250/detailed/242/120989_1.jpg?t=1638821756
Asus ROG Flow,12999,https://alta.ge/images/thumbnails/270/250/detailed/236/120473.png?t=1647243153
Lenovo ThinkBook,3999,https://alta.ge/images/thumbnails/270/250/detailed/244/124873_1_b75s-ek.png?t=1639995155
Dell Vostro,1999,https://alta.ge/images/thumbnails/270/250/detailed/246/127050_1_0q3d-rr_7a96-7k_fwrr-s3_jyiz-zb.jpg?t=1644611499
Lenovo IdeaPad,1249,https://alta.ge/images/thumbnails/270/250/detailed/245/118912_1_zp6x-dj_us7s-ln.jpg?t=1646771799
Asus ZenBook,3499,https://alta.ge/images/thumbnails/270/250/detailed/244/120875_1.jpg?t=1640606326
Asus VivoBook,2499,https://alta.ge/images/thumbnails/270/250/detailed/247/126837_1.jpg?t=1645509406
Apple MacBook,9919,https://alta.ge/images/thumbnails/270/250/detailed/240/124449_1.jpg?t=1635778882
Asus VivoBook,5099,https://alta.ge/images/thumbnails/270/250/detailed/240/124010_1.png?t=1637220923
Asus TUF Gaming,4299,https://alta.ge/images/thumbnails/270/250/detailed/236/121648_1_wg26-tq.jpeg?t=1628685545
Asus VivoBook,2199,https://alta.ge/images/thumbnails/270/250/detailed/245/124522.png?t=1641968187
Asus VivoBook,5999,https://alta.ge/images/thumbnails/270/250/detailed/247/127571_1.png?t=1647325387
Acer Aspire,1779,https://alta.ge/images/thumbnails/270/250/detailed/243/125920_1.png?t=1641449926
Asus Zenbook,6999,https://alta.ge/images/thumbnails/270/250/detailed/237/122980_1.jpg?t=1631254816
Asus VivoBook,2799,https://alta.ge/images/thumbnails/270/250/detailed/244/125992_1.jpeg?t=1640871920
Acer Swift,1869,https://alta.ge/images/thumbnails/270/250/detailed/241/124517_1.png?t=1636440742
Asus ZenBook,3999,https://alta.ge/images/thumbnails/270/250/detailed/247/127574_1.png?t=1644858569
HP 250 G7 (197P4EA),1799,https://alta.ge/images/thumbnails/270/250/detailed/242/109652_1_f8e1-de_z6gp-98.jpg?t=1637841341
Asus E510MA-EJ593,1499,https://alta.ge/images/thumbnails/270/250/detailed/243/124780_1.jpg?t=1639035926
Asus VivoBook,3799,https://alta.ge/images/thumbnails/270/250/detailed/242/124782_1.png?t=1637839826
Apple MacBook,7959,https://alta.ge/images/thumbnails/270/250/detailed/240/124453_1_bz9c-tv.jpg?t=1635778882
Lenovo ThinkBook,3299,https://alta.ge/images/thumbnails/270/250/detailed/227/117238_1.jpg?t=1645093472
Asus E510MA-BR698,1299,https://alta.ge/images/thumbnails/270/250/detailed/242/124780_1.jpg?t=1637760744
HP 15-da3000ny,1699,https://alta.ge/images/thumbnails/270/250/detailed/241/112194_1.jpg?t=1636717863
Dell Vostro,2599,https://alta.ge/images/thumbnails/270/250/detailed/246/127050_1_0q3d-rr_7a96-7k_fwrr-s3.jpg?t=1644611499
Lenovo IdeaPad,2499,https://alta.ge/images/thumbnails/270/250/detailed/245/110836_1.jpeg?t=1646771799
Dell Vostro,2599,https://alta.ge/images/thumbnails/270/250/detailed/246/127050_1_0q3d-rr_7a96-7k_fwrr-s3.jpg?t=1644611499
Dell Vostro,1699,https://alta.ge/images/thumbnails/270/250/detailed/246/127050_1_0q3d-rr_7a96-7k_fwrr-s3_jyiz-zb_8i6z-ko.jpg?t=1644611499
Asus X515JA-EJ2148,3399,https://alta.ge/images/thumbnails/270/250/detailed/247/126836_1_c55c-7g.jpg?t=1650446973
Acer Swift,2169,https://alta.ge/images/thumbnails/270/250/detailed/246/127022_1.png?t=1644697882
Asus VivoBook,2799,https://alta.ge/images/thumbnails/270/250/detailed/248/124333_1.png?t=1649449025
Dell Vostro,2999,https://alta.ge/images/thumbnails/270/250/detailed/246/127054_1.png?t=1650526512
Lenovo ThinkPad,2899,https://alta.ge/images/thumbnails/270/250/detailed/246/126750_1.png?t=1644783433
Dell Vostro,1749,https://alta.ge/images/thumbnails/270/250/detailed/246/127050_1_0q3d-rr_7a96-7k_fwrr-s3_jyiz-zb_8i6z-ko_xocb-xw.jpg?t=1644611499
HP Envy x360,2999,https://alta.ge/images/thumbnails/270/250/detailed/248/126859_1.jpeg?t=1647350724
Acer Aspire,1879,https://alta.ge/images/thumbnails/270/250/detailed/242/112718_1_1lem-9j_yhs8-ao_kq2p-f2_3e34-cp_x7wq-ik.jpg?t=1638429050
Asus X515MA-BR426,1399,https://alta.ge/images/thumbnails/270/250/detailed/247/117731_1_fiar-t8.jpg?t=1644856380
Acer Aspire,1599,https://alta.ge/images/thumbnails/270/250/detailed/243/125933_1.png?t=1640204215
Lenovo Ideapad,2399,https://alta.ge/images/thumbnails/270/250/detailed/246/118786_1.jpg?t=1649354020
Asus E510MA-EJ641,1699,https://alta.ge/images/thumbnails/270/250/detailed/242/124779_1.jpg?t=1637761248
Apple MacBook,3999,https://alta.ge/images/thumbnails/270/250/detailed/243/113957_1.jpg?t=1639426923
Asus E410MA-BV1517,1299,https://alta.ge/images/thumbnails/270/250/detailed/243/121279_1.jpg?t=1639685918
Lenovo ThinkPad,4399,https://alta.ge/images/thumbnails/270/250/detailed/239/123646_1.png?t=1633983380
Lenovo V15-IIL,3199,https://alta.ge/images/thumbnails/270/250/detailed/234/115102_1.jpg?t=1636160435
